# 2855 funcoes de codigo REAL (.text 0x10000-0x50C7E0) presentes em recomp_macos_v2.pre_v4 e AUSENTES em recomp_macos_v2 (=v3, producao).
# Gerado 2026-07-30 por comm dos 'void func_*' dos dois lifts. Ver a nota do mesmo dia.
# funcao
func_00010C14
func_000146D0
func_00014708
func_00015060
func_000150C0
func_000150CC
func_000150FC
func_0001512C
func_00015178
func_000151D4
func_00016924
func_00018214
func_0001889C
func_0001A7E4
func_0001A818
func_0001A820
func_0001A84C
func_0001A850
func_0001A864
func_0001A870
func_0001A880
func_0001A8A0
func_0001A8C0
func_0001A8E0
func_0001A900
func_0001A920
func_0001A940
func_0001A960
func_0001A97C
func_0001A998
func_0001A9B4
func_0001A9D0
func_0001A9E8
func_0001A9F0
func_0001AA0C
func_0001AA44
func_0001AA64
func_0001AA84
func_0001AAA4
func_0001AAB4
func_0001AAD4
func_0001AAF0
func_0001AB18
func_0001AB40
func_0001AB54
func_0001AB74
func_0001AB94
func_0001B060
func_0001B0B0
func_0001B0C8
func_0001B0EC
func_0001B15C
func_0001B170
func_0001B19C
func_0001B1C8
func_0001B1F4
func_0001B220
func_0001B22C
func_0001B260
func_0001B29C
func_0001B2D8
func_0001B304
func_0001B330
func_0001B35C
func_0001B388
func_0001B3A4
func_0001B3D0
func_0001B3FC
func_0001B428
func_0001B43C
func_0001B468
func_0001B484
func_0001B4A0
func_0001B510
func_0001B524
func_0001B540
func_0001B55C
func_0001B578
func_0001B594
func_0001B5B0
func_0001B5CC
func_0001B5E8
func_0001B604
func_0001B620
func_0001B63C
func_0001B658
func_0001B67C
func_0001C938
func_0001C944
func_0001C950
func_0001C95C
func_0001C968
func_0001E594
func_0001E5DC
func_0001E6D8
func_0001E854
func_0001E870
func_0001E880
func_0001E8BC
func_0001E8D0
func_0001E8E4
func_0001E8F8
func_0001F108
func_0001F144
func_0001F174
func_0001F1B8
func_0001F1C8
func_0001F214
func_0001F284
func_0001F28C
func_0001F2E4
func_0001F314
func_0001F3DC
func_0001F450
func_0001F574
func_0001F598
func_0001F5A8
func_0001F5DC
func_0001F610
func_0001F640
func_0001F670
func_0001F6C4
func_0001F710
func_0001F718
func_0001F724
func_000286B0
func_00029D0C
func_00029E64
func_00029F20
func_00029F48
func_00029FA4
func_0002A008
func_0002A118
func_0002A154
func_0002A208
func_0002A268
func_0002A2AC
func_0002A30C
func_0002A34C
func_0002A37C
func_0002A3AC
func_0002A3DC
func_0002A404
func_0002A450
func_0002A530
func_0002A568
func_0002A578
func_0002A608
func_0002A64C
func_0002A690
func_0002A6CC
func_0002A714
func_0002A7A0
func_0002A7D0
func_0002A800
func_0002A868
func_0002A89C
func_0002A91C
func_0002A9F0
func_0002AA30
func_0002AAD8
func_0002AB24
func_0002ABA4
func_0002AC20
func_0002ACB4
func_0002AD48
func_0002AD74
func_0002ADC4
func_0002AE08
func_0002AE74
func_0002AEB8
func_0002AEFC
func_0002AF40
func_0002AF84
func_0002AFD4
func_0002B00C
func_0002B054
func_0002B074
func_0002B0D4
func_0002B120
func_0002B158
func_0002B22C
func_0002B264
func_0002B27C
func_0002B2B0
func_0002B2C4
func_0002B3A0
func_0002B47C
func_0002B568
func_0002B630
func_0002B68C
func_0002B73C
func_0002B780
func_0002B820
func_0002B868
func_0002B874
func_0002B8B4
func_0002B938
func_0002B9D8
func_0002BA10
func_0002BA18
func_0002BA30
func_0002BA4C
func_0002BA58
func_0002DF38
func_0003024C
func_00032ABC
func_00032B04
func_00032B18
func_00032C28
func_00032CD4
func_00032D00
func_00032D70
func_00032EC4
func_00032ECC
func_00032ED4
func_00032EEC
func_00032F28
func_00032F64
func_00032F74
func_00032F84
func_00038598
func_00038D1C
func_0003A1C0
func_0003C118
func_00040110
func_000449CC
func_00044A40
func_00044AA4
func_00044B08
func_00044B6C
func_00044BD0
func_00044C34
func_00044C98
func_0004CA00
func_00050698
func_0005071C
func_00050A94
func_000549A0
func_000624C8
func_000624D4
func_000624E0
func_00069830
func_0006CC90
func_0006CD14
func_00073918
func_00073934
func_000739E4
func_00073A08
func_00073A2C
func_00073A54
func_00073CAC
func_00073CC8
func_00073CDC
func_00073CE8
func_00073EA0
func_00073EAC
func_00073ED0
func_00073F20
func_00073F30
func_00073F60
func_00073F9C
func_00073FE0
func_0007400C
func_00074020
func_00074040
func_00074060
func_00074084
func_000740F0
func_0007413C
func_0007414C
func_0007415C
func_00074174
func_0007418C
func_000741C8
func_000741D4
func_000741F8
func_0007421C
func_00074234
func_00074284
func_0007911C
func_0007B49C
func_0007B4B0
func_0007B4B4
func_0007B4BC
func_0007B4D4
func_0007B4EC
func_0007B504
func_0007B51C
func_0007B534
func_0007B54C
func_0007B564
func_0007B57C
func_0007CD18
func_0008163C
func_00081650
func_00081654
func_0008165C
func_00081674
func_0008168C
func_000816A4
func_000816BC
func_00081D3C
func_00089944
func_00089950
func_00089960
func_00089990
func_000899A0
func_00089A38
func_00089A44
func_00089A64
func_00089A70
func_00089AE8
func_00089AEC
func_00089AF4
func_00089B00
func_00089B0C
func_00089B18
func_00089B24
func_00089B30
func_00089B3C
func_00089B48
func_0008E278
func_0008E2B8
func_0008E2C0
func_0008E318
func_0008E36C
func_0008E390
func_0008E494
func_0008E4A8
func_0008E4E0
func_0008E5C8
func_0008E644
func_0008E65C
func_0008E690
func_0008E6D4
func_0008E6F4
func_0008E720
func_0008E730
func_0008E740
func_0008E754
func_0008E780
func_0009064C
func_000906F8
func_00090714
func_00090774
func_000907A4
func_000907D0
func_000907F8
func_00090854
func_00090870
func_000908AC
func_000908F0
func_0009AAA4
func_0009AAB8
func_0009AABC
func_0009AAD8
func_0009AAF0
func_0009AB08
func_0009AB20
func_0009AB38
func_0009AB50
func_0009AB68
func_0009AB80
func_0009AB98
func_0009ABB0
func_0009ABC8
func_0009ABE0
func_0009ABF8
func_0009AC10
func_0009AC28
func_0009AC40
func_0009AC58
func_0009AC70
func_0009AC88
func_0009ACA0
func_0009ACB8
func_0009ACD0
func_0009ACE8
func_0009AD00
func_0009AD18
func_0009AD30
func_0009AD48
func_0009AD60
func_0009AD78
func_0009AD90
func_0009ADA8
func_0009ADC0
func_0009ADD8
func_0009ADF0
func_0009AE08
func_0009AE20
func_0009AE38
func_0009AE50
func_0009AE68
func_0009AE80
func_0009AE98
func_0009AEB0
func_0009AEC8
func_0009AEE0
func_0009AEF8
func_0009AF10
func_0009AF28
func_0009AF40
func_0009AF58
func_0009AF70
func_0009AF88
func_0009AFA0
func_0009AFB8
func_0009AFD0
func_0009AFE8
func_0009B000
func_0009B018
func_0009B030
func_0009B048
func_0009B060
func_0009B078
func_0009B090
func_0009B0A8
func_0009B0C0
func_0009B0D8
func_0009B0F0
func_0009B108
func_0009B120
func_0009B138
func_0009B150
func_0009B168
func_0009B180
func_0009B198
func_0009B1B0
func_0009B1C8
func_0009B1E0
func_0009B1F8
func_0009B210
func_0009B228
func_0009B240
func_0009B258
func_0009B270
func_0009B288
func_0009B2A0
func_0009B2B8
func_0009B2D0
func_0009B2E8
func_0009B310
func_0009B350
func_0009B368
func_0009B380
func_0009B38C
func_0009B398
func_0009B3A4
func_0009B3B0
func_0009B3BC
func_0009B3D4
func_0009B3EC
func_0009B404
func_0009B41C
func_0009B434
func_0009B44C
func_0009B464
func_0009B47C
func_0009B494
func_0009B4AC
func_0009B4C4
func_0009B4DC
func_0009B4F4
func_0009B50C
func_0009B524
func_0009B53C
func_0009B554
func_0009B56C
func_0009B584
func_0009B59C
func_0009B5B4
func_0009B5CC
func_0009B5E4
func_0009B5FC
func_0009B614
func_0009B62C
func_0009B644
func_0009B65C
func_0009B674
func_0009B68C
func_0009B6A4
func_0009B6BC
func_0009B6D4
func_0009B6EC
func_0009B704
func_0009B71C
func_0009B7A0
func_0009B7A8
func_0009B7C0
func_0009B7DC
func_0009B7F8
func_0009B814
func_0009B830
func_0009B84C
func_000B8B64
func_000B8B78
func_000B8B88
func_000B8B9C
func_000B8BB4
func_000B8BC4
func_000B8BD4
func_000B9298
func_000B9354
func_000B936C
func_000B9384
func_000B939C
func_000B93B4
func_000B93CC
func_000B93E4
func_000B93FC
func_000B9414
func_000B942C
func_000B9444
func_000B945C
func_000B9474
func_000B948C
func_000B94A4
func_000B94BC
func_000B94D4
func_000B94EC
func_000B9504
func_000BB48C
func_000BB498
func_000BB49C
func_000BB4BC
func_000BB4D0
func_000BB4E0
func_000BB520
func_000BB538
func_000BB53C
func_000BB564
func_000BB59C
func_000BB5AC
func_000BB5D8
func_000BB610
func_000BB628
func_000BB63C
func_000C8EAC
func_000C9C30
func_000CB948
func_000CB954
func_000CB988
func_000CB9F8
func_000CBA24
func_000D45B4
func_000D46B8
func_000E3D14
func_000E3DE4
func_000E3DFC
func_000E3E44
func_000E3E4C
func_000E3E5C
func_000E3E94
func_000E5D38
func_000E6114
func_000E6148
func_000E6158
func_000E6168
func_000E6748
func_000E714C
func_000E7178
func_000E71A8
func_000E71CC
func_000EA428
func_000EA6B8
func_000EA7C8
func_000EA7D8
func_000EA800
func_000EA808
func_000EA81C
func_000EA828
func_000EA840
func_000EA84C
func_000EA8EC
func_000EA908
func_000EA924
func_000EA9AC
func_000EAA18
func_000EAA88
func_000EAACC
func_000EAB18
func_000EAB78
func_000EAD4C
func_000EAE44
func_000EAE64
func_000EAE84
func_000EAE98
func_000EAEC8
func_000EAEEC
func_000EAF04
func_000EAF20
func_000EAF60
func_000EAFA4
func_000EB01C
func_000EB198
func_000EB204
func_000EB28C
func_000EB314
func_000EB354
func_000EB38C
func_000EB3BC
func_000EB418
func_000EB450
func_000EB480
func_000EB4E8
func_000EB6E8
func_000EB718
func_000EB734
func_000EB748
func_000EB76C
func_000EB798
func_000EB7A0
func_00100848
func_0010098C
func_001009A8
func_001009E8
func_00100A80
func_00106A58
func_00106B10
func_00106C90
func_00106D50
func_00114464
func_00114470
func_0011447C
func_00114488
func_00114494
func_001144A0
func_0011537C
func_001153BC
func_001153D0
func_001153E8
func_001153F4
func_00115408
func_00115410
func_0011D970
func_0011D984
func_0011D998
func_0011D9F0
func_0011D9F8
func_0011DA18
func_0011DA60
func_0011DA78
func_0011DAA4
func_0011DACC
func_0011DAE4
func_0011DAF0
func_0011DAFC
func_0011DB28
func_0011DB34
func_0011DB40
func_0011DB4C
func_0011DB78
func_0011DBA4
func_0013ABC4
func_0013ABF0
func_0013AC04
func_0013AC18
func_0013AC3C
func_0013AC5C
func_0013AD10
func_0013AFF4
func_0013B060
func_0013B0F8
func_0013B16C
func_0013B1BC
func_0013B20C
func_0013B538
func_0013B58C
func_0013B5B0
func_0013B5D0
func_0013B6AC
func_0013B75C
func_0013B76C
func_0013B7A0
func_0013B83C
func_0013B850
func_0013B860
func_0013B870
func_0013B8C0
func_0013B8D4
func_0013B8E4
func_0013B8F8
func_0013B908
func_0013B9B0
func_0013BA54
func_0013BA58
func_0013BA88
func_0013BA98
func_0013BAA8
func_0013BB88
func_00146998
func_0014DCDC
func_0014DCE4
func_0014DCEC
func_0014DCF4
func_0014DCFC
func_0014DD04
func_0014DD0C
func_0014DD14
func_0014DD1C
func_0014DD24
func_0014DD2C
func_0014EC7C
func_0014EC88
func_0014EC90
func_0014ECA0
func_0014ECB0
func_0014ECC0
func_00161034
func_001610C0
func_001610EC
func_00161148
func_0016118C
func_001611D0
func_00161214
func_00161268
func_001612D4
func_001612F8
func_0016131C
func_00161340
func_00178878
func_00178904
func_00178930
func_0017894C
func_00178968
func_00178988
func_001789A8
func_001789F0
func_00178A1C
func_00178A20
func_00178A24
func_00178A44
func_00178A70
func_00178A74
func_00178A78
func_00178A98
func_00178AC4
func_00178AC8
func_00178ACC
func_00178AEC
func_00178B18
func_00178B30
func_00178B5C
func_00178B88
func_00178BB4
func_00178BC0
func_00178BCC
func_00178C28
func_00178CB4
func_00178CD0
func_00178D28
func_00178D5C
func_00178D98
func_00178DD8
func_00178DF4
func_0017C230
func_0017C29C
func_0017C2CC
func_0017C2E8
func_0017C324
func_0017C36C
func_0017C378
func_0017C4AC
func_0017C4C4
func_0017C4E4
func_0017C500
func_0017D75C
func_0017D794
func_0017D80C
func_0017D848
func_0017D884
func_0017D8C0
func_0017D8FC
func_0017DAF8
func_0017DB20
func_0017DB34
func_0017DB64
func_0017DBB4
func_0017DBFC
func_0017DD54
func_0017DEE0
func_0017DF24
func_0017DF68
func_0017DFAC
func_0017DFFC
func_0017E01C
func_0017E03C
func_0017E07C
func_0017E0B8
func_0017E0F8
func_0017E108
func_0017E150
func_0017E198
func_0017E1E0
func_0017E228
func_0017E238
func_0017E248
func_0017E25C
func_0017E274
func_00189BB0
func_00189BB4
func_00189C34
func_00189C40
func_00189CE8
func_00189D50
func_00189DA0
func_00189DD4
func_00189DF0
func_00189DF8
func_00193CA0
func_00193CA4
func_00193CAC
func_00193CB4
func_00193CBC
func_00193CC4
func_00193CCC
func_00193CD4
func_00193CDC
func_0019EF6C
func_0019EF94
func_0019EFC8
func_0019EFDC
func_0019EFF8
func_0019F018
func_0019F060
func_0019F074
func_0019F090
func_0019F0AC
func_0019F0B4
func_0019F0E8
func_0019F11C
func_0019F150
func_0019F158
func_0019F160
func_0019F168
func_001A4274
func_001A427C
func_001A4298
func_001A42B4
func_001A42C0
func_001A42CC
func_001A42D8
func_001A42E4
func_001A42F8
func_001A4308
func_001A4314
func_001A4324
func_001A432C
func_001A4338
func_001A4348
func_001A435C
func_001A4370
func_001F624C
func_001F6264
func_001F627C
func_001F62B4
func_001F62E8
func_001F6304
func_001F631C
func_001F6338
func_0020696C
func_0020C210
func_0020C324
func_0020C380
func_0020FDB4
func_0020FE38
func_0020FEAC
func_0020FED0
func_0020FF20
func_0020FFD4
func_0020FFF4
func_002100A4
func_00210154
func_0021020C
func_002102BC
func_00210374
func_0021042C
func_002105A4
func_00210670
func_0021510C
func_00215120
func_00230280
func_00230484
func_002359F4
func_00235A24
func_00235AC0
func_00235AF8
func_00235B30
func_00235BFC
func_00235C04
func_00235C38
func_00235C40
func_00235C80
func_00235C8C
func_00235C98
func_00238604
func_0023868C
func_00248790
func_00248810
func_0024C990
func_002542D0
func_002542EC
func_002543A0
func_002543A8
func_002543E0
func_00254414
func_00254460
func_00254470
func_0025448C
func_002545A0
func_0026A0AC
func_0026A0B0
func_0026A0FC
func_0026A110
func_0026A120
func_0026A134
func_0026A13C
func_0026A148
func_0026A354
func_0026A370
func_0026A3A8
func_0026A3C8
func_0026A3E8
func_0026A408
func_0026A428
func_0026A44C
func_0026A464
func_0026A484
func_0026A4A4
func_0026A4C4
func_0026A4E4
func_0026A504
func_0026A530
func_0026A594
func_0026A5AC
func_0026A5CC
func_0026A64C
func_0026A664
func_0026A684
func_0026A698
func_0026A6B4
func_0026A6F8
func_0026B1B0
func_0026B1E0
func_0026B1F8
func_0026B20C
func_0026B220
func_0026B234
func_0026B248
func_0026B25C
func_0026B294
func_0026B2A8
func_0026B2BC
func_0026B378
func_0026B674
func_0026B694
func_0026B69C
func_0026B714
func_0026B768
func_0026B790
func_0026B7F8
func_0026B824
func_0026B834
func_0026B858
func_0026B8A0
func_0026B8E0
func_0026B910
func_0026B954
func_0026B96C
func_0026B9AC
func_0026B9D0
func_0026B9E0
func_0026BA14
func_0026BA5C
func_0026BA8C
func_0026BAC4
func_0026BAE0
func_0026BB1C
func_0026BB48
func_0026BB74
func_0026BBA0
func_0026BBBC
func_0026BBDC
func_0026BBFC
func_0026BC2C
func_0026BCC0
func_0026BCD0
func_0026BD98
func_0026BDE0
func_0026BE58
func_0026BED0
func_0026BEFC
func_0026BF2C
func_0026BFAC
func_0026BFBC
func_0026C008
func_0026C054
func_0026C060
func_0026C070
func_0026C088
func_0026C0F8
func_0026C168
func_0026C214
func_0026C264
func_0026C2A4
func_0026C2E8
func_0026C2F0
func_0026C300
func_0026C33C
func_0026C354
func_0026C36C
func_0026C378
func_0026C38C
func_0026C3F0
func_0026C414
func_0026C418
func_00270468
func_00270478
func_00270490
func_002704A0
func_00270584
func_00270708
func_0027101C
func_0027A654
func_0027A678
func_0027A6CC
func_0027A780
func_0027A79C
func_0027A7E0
func_0027A8F4
func_0027A910
func_0027A958
func_0027A95C
func_0027A974
func_0027AA2C
func_0027AA50
func_0027AA98
func_0027AAF4
func_0027AB0C
func_0027ABAC
func_0027ABC4
func_0027ABD0
func_0027C87C
func_0027C8F8
func_0027C904
func_0027C910
func_0027C91C
func_0027D918
func_0027DA30
func_0027FAE4
func_0027FB14
func_0027FB18
func_0027FB38
func_0027FB6C
func_0027FBA0
func_0027FBD4
func_00288A94
func_002947A0
func_002992A4
func_002A221C
func_002A224C
func_002A228C
func_002A22BC
func_002A22DC
func_002A2304
func_002A2340
func_002A2348
func_002A2350
func_002A235C
func_002A23DC
func_002A2454
func_002A24AC
func_002A24C8
func_002A2534
func_002A2590
func_002A25FC
func_002A2658
func_002A26C8
func_002A2740
func_002A27BC
func_002A282C
func_002A28B4
func_002A28E8
func_002A294C
func_002A29C0
func_002A2A10
func_002A2A6C
func_002A2AC8
func_002A2B28
func_002A2B80
func_002A2BA8
func_002A2BE4
func_002A2C3C
func_002A2CA8
func_002A2CF8
func_002A2D44
func_002A2DA4
func_002A2E2C
func_002A2EA8
func_002A2F30
func_002A2FA8
func_002A3018
func_002A307C
func_002A30D8
func_002A3140
func_002A319C
func_002A31F8
func_002A3260
func_002A329C
func_002A32EC
func_002A330C
func_002A3348
func_002A33A0
func_002A33C0
func_002A33FC
func_002A341C
func_002A343C
func_002A34A8
func_002A34F4
func_002A3540
func_002A35AC
func_002A35F8
func_002A3648
func_002A36E8
func_002A3720
func_002B1298
func_002B12C4
func_002B12C8
func_002B130C
func_002B133C
func_002B136C
func_002B157C
func_002B15AC
func_002B165C
func_002B1860
func_002B1A64
func_002B1A94
func_002B1CA4
func_002B1D44
func_002B1DF0
func_002B1E20
func_002B1E50
func_002B1E80
func_002B1EB0
func_002B1EE0
func_002B1F10
func_002B1F40
func_002B2170
func_002B4F1C
func_002B5040
func_002B504C
func_002B5054
func_002B5068
func_002B5074
func_002B508C
func_002B50A4
func_002B66A0
func_002BEF54
func_002BEF84
func_002BEFAC
func_002BEFDC
func_002BF008
func_002BF038
func_002BF068
func_002C0570
func_002C05C8
func_002C05F0
func_002C05F8
func_002C060C
func_002C0614
func_002C0620
func_002C0688
func_002C0694
func_002C069C
func_002C0760
func_002C0768
func_002C0770
func_002C0778
func_002C0780
func_002C0788
func_002C07D8
func_002C07F8
func_002C0804
func_002C082C
func_002C0880
func_002C08E0
func_002C08EC
func_002C08F8
func_002C0CE0
func_002C0D24
func_002C0D44
func_002C0D50
func_002C0DC4
func_002C0DD8
func_002C0F18
func_002C0FA0
func_002C1274
func_002C12C0
func_002C12EC
func_002C12FC
func_002C1724
func_002C181C
func_002C1880
func_002C189C
func_002CD910
func_002D98D4
func_002D9960
func_002D9A04
func_002D9A14
func_002D9A48
func_002D9B1C
func_002D9B2C
func_002D9B34
func_002D9B74
func_002D9B84
func_002D9BF0
func_002D9C00
func_002D9C18
func_002D9C24
func_002D9C44
func_002D9C68
func_002D9C78
func_002D9C88
func_002D9C98
func_002D9CA8
func_002D9CB8
func_002D9CD8
func_002D9D00
func_002D9F14
func_002D9FA0
func_002DA044
func_002DA054
func_002DA088
func_002DA15C
func_002DA16C
func_002DA174
func_002DA1B4
func_002DA1C4
func_002DA230
func_002DA240
func_002DA258
func_002DA264
func_002DA284
func_002DA2A8
func_002DA2B8
func_002DA2C8
func_002DA2D8
func_002DA2E8
func_002DA2F8
func_002DA318
func_002DA340
func_002DE960
func_002DE9AC
func_002F87F0
func_002F8898
func_002F89A8
func_002F8BD0
func_002F8DD0
func_002F8E84
func_002F8F18
func_002F8F20
func_002F8F24
func_002F8F8C
func_002F8FA4
func_002F8FB8
func_002F8FDC
func_002F9000
func_002F9028
func_002F9050
func_002F90E0
func_002F91D0
func_002F9244
func_002F931C
func_002F9324
func_002F9460
func_002F9468
func_002F9488
func_002F9498
func_002F94AC
func_002F94E0
func_002F94F8
func_002F9534
func_002F9558
func_002F9574
func_002F95D0
func_002F95E0
func_002F9614
func_002F9E9C
func_002F9EEC
func_002F9F34
func_002FA090
func_002FA0C4
func_002FA0E8
func_002FA130
func_002FA14C
func_002FA168
func_002FA190
func_002FA19C
func_002FA1AC
func_002FA1B8
func_002FA204
func_002FA220
func_002FA234
func_002FA250
func_002FA26C
func_00303050
func_00303100
func_00303110
func_00303120
func_00303180
func_003031A0
func_003031E8
func_00303230
func_0030327C
func_003032C4
func_003032D4
func_00303358
func_00303384
func_00303394
func_003033A4
func_003033B4
func_00303428
func_00303438
func_0030A188
func_0030C924
func_0030CA28
func_0030CA88
func_0030CAFC
func_0030CB4C
func_0030CB74
func_0030CBA0
func_0030CBE0
func_0030CBFC
func_00310740
func_00310744
func_0031074C
func_00310754
func_0031075C
func_00310764
func_0031076C
func_00310774
func_0031077C
func_00310784
func_0031078C
func_00310794
func_0031079C
func_003107A4
func_003107AC
func_003107B4
func_0031A388
func_00340418
func_00358BD4
func_0035B420
func_0035B438
func_0035B49C
func_0035B4DC
func_0035B4E8
func_0035B4F4
func_0035B500
func_0035CF58
func_0035D250
func_0035D2BC
func_0035D2D0
func_0035D2E4
func_0035D320
func_0035D340
func_0035D394
func_0035D3AC
func_0035D480
func_0035D4A4
func_0035D4E0
func_0035D50C
func_0035D618
func_0035D71C
func_0035D720
func_0035D768
func_0035D784
func_0035D794
func_0035D7C0
func_0035D8F4
func_0035D930
func_0035D970
func_0035D998
func_0035D9C8
func_0035D9F4
func_0035DB5C
func_0035DB8C
func_0035DBB0
func_0035DBD4
func_0035DC10
func_0035DC54
func_0035DC78
func_0035DC8C
func_0035DCB0
func_0035DD74
func_0035DE68
func_0035DE9C
func_0035DEB8
func_0035DEC8
func_0035DEDC
func_0035DEF0
func_0035DF34
func_0035DFA4
func_0035DFB8
func_0035DFDC
func_0035DFFC
func_0035E004
func_0035E08C
func_0035E0AC
func_0035E0C4
func_0035E0CC
func_0035E17C
func_0035E184
func_0035E1B0
func_0035E1E8
func_0035E208
func_0035E214
func_0035E220
func_0035E238
func_0035E258
func_0035E264
func_0035E270
func_0035E288
func_0035E294
func_0035E2A0
func_0035E2B4
func_0035E2F0
func_0035E308
func_0035E32C
func_0035E374
func_0035E3C8
func_0035E408
func_0035E468
func_0035E494
func_0035E4AC
func_0035E4D8
func_0035E4EC
func_0035E500
func_0035E514
func_0035E528
func_0035E53C
func_0035E550
func_0035E564
func_0035E59C
func_0035E5B0
func_0035E670
func_0035E684
func_0035E798
func_0035E7D0
func_0035E7F4
func_0035E834
func_0035E874
func_0035E888
func_0035E89C
func_0035E8B0
func_0035E8FC
func_0035E90C
func_0035E91C
func_0035F1CC
func_0035F218
func_0035F23C
func_0035F288
func_0035F2A0
func_0035F2C8
func_0035F310
func_0035F328
func_0035F3A0
func_0035F3C8
func_0035F414
func_0035F450
func_0035F4A8
func_0035F4F8
func_0035F520
func_0035F568
func_0035F664
func_0035F6DC
func_0035F6E4
func_0035F6EC
func_0035F704
func_0035F998
func_0035F9E4
func_0035FA3C
func_0035FA9C
func_0035FAE0
func_0035FB40
func_0035FC00
func_0035FC08
func_0035FC68
func_0035FCB8
func_0035FD08
func_0035FD58
func_0035FD60
func_0035FD98
func_0035FDA0
func_0035FDE8
func_0035FE08
func_0035FE24
func_0035FE2C
func_0035FE6C
func_0035FEC8
func_0035FEE4
func_0035FF6C
func_0035FFA8
func_0035FFC8
func_0035FFF8
func_00360064
func_00360188
func_00360190
func_003601F0
func_00360230
func_00360280
func_003603A4
func_003603B8
func_00360408
func_00360414
func_00360420
func_0036042C
func_003604F8
func_00360508
func_00360554
func_00360560
func_0036056C
func_00360578
func_00360644
func_00360658
func_003606A4
func_003606B0
func_003606BC
func_003606C8
func_003607C0
func_003607D0
func_00360860
func_0036086C
func_00360878
func_00360884
func_003612A0
func_00361378
func_00361594
func_003615A0
func_003615B8
func_003615C4
func_003615D0
func_003615DC
func_003615EC
func_003615F8
func_00361A40
func_00361A50
func_00361A68
func_00361A78
func_00361A88
func_00361FDC
func_00362010
func_00362028
func_00362034
func_00362080
func_003620BC
func_003620EC
func_0036210C
func_003621A0
func_003621B8
func_003621D4
func_0036220C
func_0036223C
func_0036225C
func_0036229C
func_003622FC
func_0036237C
func_003623A8
func_003623E8
func_00362404
func_00362448
func_0036249C
func_003624D0
func_003624E0
func_003624FC
func_00362524
func_00362538
func_0036254C
func_00362554
func_00362570
func_00362588
func_00362590
func_003625A0
func_003625B8
func_003625C8
func_003625D8
func_00362620
func_00362674
func_003626B4
func_003626C0
func_003626D0
func_003626F4
func_0036270C
func_0036271C
func_00362724
func_0036275C
func_0036276C
func_0036277C
func_0036278C
func_00362798
func_003627A0
func_003627A8
func_003627C4
func_003627CC
func_003627D4
func_003627DC
func_003627E4
func_003627F4
func_003631A0
func_003631A8
func_003631B0
func_00363254
func_003632A0
func_003632DC
func_00363368
func_00363370
func_0036338C
func_00363424
func_003634FC
func_00363524
func_003635BC
func_003635E4
func_00363624
func_00363660
func_00363724
func_00363764
func_003637C4
func_003637FC
func_00363804
func_00363888
func_003638F0
func_00363900
func_00363948
func_00363978
func_00363994
func_003639B0
func_003639C0
func_003639F0
func_00363A4C
func_00363B0C
func_00363B74
func_00363BC0
func_00363BE0
func_00363C3C
func_00363CB8
func_00363D1C
func_00363D5C
func_00363DA8
func_00363DB8
func_00363E20
func_00363E90
func_00363F10
func_00363F70
func_00363FD0
func_00364030
func_00364070
func_003640B0
func_003640EC
func_003640F4
func_00364124
func_0036416C
func_00364184
func_00364194
func_00364244
func_003642B0
func_003642FC
func_00364390
func_003643BC
func_003643D8
func_00364420
func_00364474
func_003644A0
func_003644E0
func_00364558
func_00364568
func_003645F8
func_0036461C
func_00364684
func_00364754
func_003647BC
func_00364810
func_00364894
func_00364920
func_00364988
func_003649F0
func_00364A58
func_00364AEC
func_00364B64
func_00364BCC
func_00364C34
func_00364C9C
func_00364D04
func_00364DA0
func_00364DD4
func_00364E10
func_00364E78
func_00364EB4
func_00364F1C
func_0036500C
func_00365098
func_00365100
func_00365148
func_0036519C
func_003651AC
func_003651F4
func_00365254
func_00365294
func_003652F4
func_00365338
func_00365688
func_00365690
func_00365698
func_003656A0
func_003656A8
func_003656B0
func_003656B8
func_003656C0
func_003656C8
func_003656D0
func_003656D8
func_003656E0
func_003656E8
func_003656F0
func_003656F8
func_00365700
func_00365708
func_00365710
func_00365718
func_00365720
func_00365728
func_00365730
func_00365738
func_00365740
func_00365748
func_00365750
func_00365758
func_00365760
func_00365768
func_00365770
func_00365778
func_00365780
func_00365788
func_00365790
func_00365798
func_003657A0
func_003657A8
func_003657B0
func_003657B8
func_003657C0
func_003657C8
func_003657D0
func_003657D8
func_003657E0
func_003657E8
func_003657F0
func_003657F8
func_00365800
func_00365808
func_00365810
func_00365818
func_00365820
func_00365828
func_00365830
func_00365838
func_00365840
func_00365848
func_00365850
func_00365858
func_00365B4C
func_00365B54
func_00365B5C
func_00365B64
func_00365B6C
func_00365B74
func_00365B7C
func_00365B84
func_00365B8C
func_00365B94
func_00365B9C
func_00365BA4
func_00365BAC
func_00365BB4
func_00365BBC
func_00365BC4
func_00365BCC
func_00365BD4
func_00365BDC
func_00365BE4
func_00365BEC
func_00365BF4
func_00365BFC
func_00365C04
func_00365C0C
func_00365C14
func_00365C1C
func_00365C24
func_00365C2C
func_00365C34
func_00365C3C
func_00365C44
func_00365C4C
func_00365C54
func_00365C5C
func_00365C64
func_00365C6C
func_00365C74
func_00365C7C
func_00365C84
func_00365C8C
func_00365C94
func_00365C9C
func_00365CA4
func_00365CAC
func_00365CB4
func_00365CBC
func_00365CC4
func_00365CCC
func_00365CD4
func_00365CDC
func_00365CE4
func_00365CEC
func_00365CF4
func_00365CFC
func_00365D04
func_00365D0C
func_00365D14
func_00368710
func_00368748
func_0036878C
func_00368804
func_00368814
func_00368854
func_003688A4
func_003688F4
func_00368940
func_00369230
func_003692FC
func_00369340
func_00369388
func_003694DC
func_00369BC4
func_00369F18
func_00369F28
func_00369F44
func_00369F68
func_00369F84
func_00374914
func_00374950
func_00374954
func_003749A4
func_003749D4
func_00374A08
func_00374A10
func_00374A6C
func_00374A74
func_00374ABC
func_00374AD4
func_00374B28
func_00374B38
func_00374B8C
func_00374BB4
func_00374C2C
func_00374C88
func_00374CAC
func_00374D04
func_00374D3C
func_00374D9C
func_00374DA4
func_00374E00
func_00374E4C
func_00374E68
func_00374EB4
func_00374EC0
func_00374EEC
func_00374F8C
func_00374FC0
func_00375028
func_00375044
func_003750A0
func_003750D8
func_00375118
func_0037518C
func_00375194
func_003751B0
func_003751D0
func_00375250
func_0037527C
func_003752A8
func_003752F0
func_00375364
func_00375388
func_003753AC
func_00375420
func_00375428
func_00375438
func_00375454
func_003754C0
func_003754E0
func_003754FC
func_0037551C
func_0037552C
func_00375554
func_00375564
func_003755AC
func_003755BC
func_003755D0
func_00375620
func_00375630
func_00375644
func_0037569C
func_003756E8
func_003756F0
func_003756F8
func_00375704
func_00375710
func_00375720
func_00375768
func_0037578C
func_003757A0
func_003757B8
func_003757D0
func_003757E8
func_003757F8
func_00375804
func_0037D408
func_0037D484
func_0037D4A0
func_0037D4A8
func_0037D4D0
func_0037D570
func_0037D580
func_0037D594
func_0037D5A8
func_0037D5C0
func_0037D5E8
func_0037D614
func_0037D63C
func_0037EB7C
func_0037EBD0
func_0037ECE8
func_0037ED48
func_0037ED90
func_0037EDB4
func_00382AFC
func_00382B58
func_00382B60
func_00382C40
func_00382CE8
func_00382D6C
func_00382DA4
func_00382DE4
func_00382E94
func_00382F5C
func_00382F7C
func_00382FA8
func_00383088
func_003830B4
func_003830E0
func_00383110
func_0038313C
func_0038314C
func_00383184
func_00383190
func_003831A0
func_003831C0
func_003831D0
func_003831DC
func_003910B8
func_00391124
func_00391150
func_0039117C
func_00391190
func_003911AC
func_0039120C
func_00391214
func_0039122C
func_0039124C
func_00391260
func_00394AD8
func_00394B24
func_00394B5C
func_00394B70
func_00394B98
func_00394BE8
func_00394C34
func_00395528
func_00395540
func_00395584
func_0039558C
func_003955A8
func_003955B8
func_003955C4
func_003955E0
func_003955E4
func_003955F0
func_00395608
func_00395644
func_00395690
func_003956A0
func_003956CC
func_003956E4
func_003956F4
func_00395724
func_00395734
func_00395744
func_00395754
func_00395764
func_00395788
func_00395790
func_003957A0
func_003957B0
func_003957E0
func_003957F4
func_003957F8
func_0039581C
func_00395888
func_003958C0
func_003958C8
func_003958E8
func_003958F4
func_00395908
func_0039594C
func_0039595C
func_0039596C
func_00395994
func_003959C8
func_003959F0
func_00395A48
func_00395A5C
func_00395A6C
func_00395A80
func_00395AC4
func_00395ACC
func_00395ADC
func_00395AEC
func_00395AFC
func_00395B10
func_00395B3C
func_00395B78
func_00395B84
func_00395C78
func_00395CC0
func_00395CC8
func_00395CD0
func_00395CD8
func_00395D10
func_00395D18
func_00395D8C
func_00395D94
func_00396B84
func_00396BF0
func_00396C1C
func_00396C48
func_00396C5C
func_00396C78
func_00396CD8
func_00396CE0
func_00396CF8
func_00396D18
func_00396D2C
func_00397194
func_003972F8
func_0039732C
func_0039736C
func_003973AC
func_003973EC
func_00397418
func_0039745C
func_00397490
func_003974B0
func_003974C8
func_00397508
func_00397530
func_00397584
func_003975EC
func_00397600
func_00397620
func_00397648
func_0039767C
func_0039769C
func_003976B8
func_003976DC
func_00397748
func_00397CD8
func_00397F64
func_00397F6C
func_00397F9C
func_00397FC4
func_00397FC8
func_00397FE8
func_0039802C
func_00398034
func_00398060
func_003980CC
func_003980DC
func_00398118
func_00398170
func_003981BC
func_0039826C
func_00398294
func_0039829C
func_003982B4
func_003982D8
func_003982F0
func_00398314
func_00398324
func_00398348
func_00398384
func_00398398
func_003983D4
func_003983FC
func_0039840C
func_00398460
func_00398488
func_003984BC
func_003984CC
func_003984E4
func_003984F0
func_003984FC
func_00398508
func_0039851C
func_00398528
func_00398534
func_00398540
func_0039854C
func_00398554
func_00398560
func_00398568
func_00398588
func_0039859C
func_003985B0
func_003985C4
func_003985D4
func_003985E8
func_003985F4
func_00398600
func_00398624
func_0039A204
func_0039A270
func_0039A29C
func_0039A2C8
func_0039A2DC
func_0039A2F8
func_0039A358
func_0039A360
func_0039A378
func_0039A398
func_0039A3AC
func_003ECC14
func_003ECC1C
func_003ECC8C
func_003ECCE4
func_003ECD0C
func_003ECD18
func_003ECD24
func_003ECD30
func_003ECD3C
func_003ECD48
func_003ECD54
func_003ECD60
func_003ECD90
func_003ECE58
func_003ECE94
func_003ECEA0
func_003ECF64
func_003ECF88
func_003F1080
func_003F10B4
func_003F118C
func_003F11F0
func_003F383C
func_003F3850
func_003F3878
func_003F38A0
func_003F38C8
func_003F38F0
func_003F38F4
func_003F3998
func_003F39B0
func_003F3A18
func_003F3A20
func_003F3A48
func_003F3A70
func_003F3A84
func_003F3AAC
func_003F3B04
func_003F3B2C
func_003F3B54
func_003F3B5C
func_003F3B60
func_003F3B94
func_003F3BB4
func_003F3C3C
func_003F3C48
func_003F3C70
func_003F3C78
func_003F3C90
func_003F3CA8
func_003F3CC8
func_003F3CEC
func_003F40D4
func_003F4138
func_003F4158
func_003F4174
func_003F4178
func_003F4194
func_003F419C
func_003F428C
func_003F42D4
func_003F42FC
func_003F4330
func_003F4394
func_003F43F8
func_003F445C
func_003F4474
func_003F5B20
func_003F5B54
func_003F5C60
func_003F5C84
func_003F5C8C
func_003F5D4C
func_003F5D60
func_003F5D68
func_003F5DA8
func_003F5DE4
func_003F5E0C
func_003F5E44
func_003F5E80
func_003F5E94
func_003F5ED0
func_003F5F0C
func_003F5F48
func_003F5F84
func_003F5FC0
func_003F6120
func_003F6148
func_003F6170
func_003F61C8
func_003F6210
func_003F626C
func_003F62C4
func_003F62D8
func_003F62EC
func_003F6414
func_003F6424
func_003F642C
func_003F6470
func_003F64B4
func_003F650C
func_003F6544
func_003F657C
func_003F65B0
func_003F65C4
func_003F65D8
func_003F65EC
func_003F6648
func_003F666C
func_003F6694
func_003F66A8
func_003FE22C
func_003FE278
func_003FE2F4
func_003FE30C
func_003FE388
func_003FE400
func_003FE464
func_003FE480
func_003FE4F0
func_003FE560
func_003FE5B4
func_003FE5C0
func_003FE624
func_003FE6A4
func_003FE6B4
func_003FE748
func_003FE7D0
func_003FEBA4
func_003FEBB0
func_003FECF0
func_003FED14
func_003FED1C
func_003FED68
func_003FED8C
func_003FED98
func_003FF370
func_003FF3C8
func_003FF3D8
func_003FF3F8
func_003FF404
func_003FF4B4
func_003FF538
func_003FF548
func_003FF664
func_003FF66C
func_003FF674
func_003FF67C
func_0043E1A4
func_0043E348
func_0043E360
func_0043E374
func_0043E414
func_0043E428
func_0043E454
func_0043E468
func_0043E498
func_0043E4A4
func_0043E4B0
func_0043E4BC
func_0043E4C8
func_0043E4D4
func_0043E4E0
func_0043E4EC
func_0043E538
func_0043E548
func_0043E5BC
func_0043E5CC
func_0043E5DC
func_0043E5EC
func_0043E5FC
func_0043E624
func_00441440
func_00441444
func_00441464
func_004414A8
func_00441500
func_00441558
func_00441598
func_004415D8
func_00489B7C
func_00489BB0
func_00489BD8
func_00489C00
func_00489C28
func_004C441C
func_004C9B0C
func_004C9F50
func_004CA11C
func_004CA12C
func_004CC044
func_004CC05C
func_004CC07C
func_004CC12C
func_004CC194
func_004CC1BC
func_004CC208
func_004CC234
func_004CC2D4
func_004CC324
func_004CC334
func_004CC34C
func_004CC364
func_004CC37C
func_004CC394
func_004CC3AC
func_004CC484
func_004CC4DC
func_004CC514
func_004CC560
func_004CC5F4
func_004CC890
func_004CC8DC
func_004CC90C
func_004CCABC
func_004CCB64
func_004CCB74
func_004CCEA8
func_004CCEC0
func_004CCED0
func_004CCEE0
func_004CD120
func_004CD2FC
func_004CD438
func_004CD4D0
func_004CD970
func_004CDAA8
func_004CDABC
func_004CDAC8
func_004CDAE8
func_004CDB18
func_004CE3D0
func_004CE5A0
func_004CEA00
func_004CEBFC
func_004CEC00
func_004CED0C
func_004CED28
func_004CF2F0
func_004CF328
func_004CF594
func_004CF7D4
func_004CF950
func_004CF96C
func_004CF9B4
func_004CFA94
func_004CFAD4
func_004CFAFC
func_004CFB1C
func_004CFB20
func_004CFB5C
func_004CFC44
func_004CFC6C
func_004CFCD8
func_004CFF0C
func_004CFF34
func_004D00AC
func_004D00C8
func_004D00D4
func_004D00F4
func_004D00FC
func_004D0134
func_004D016C
func_004D01A0
func_004D0204
func_004D023C
func_004D04A4
func_004D04F4
func_004D0624
func_004D06C4
func_004D079C
func_004D07A8
func_004D083C
func_004D09A0
func_004D09FC
func_004D0B54
func_004D1058
func_004D108C
func_004D12E4
func_004D16C4
func_004D1A08
func_004D1F04
func_004D2100
func_004D2318
func_004D232C
func_004D24DC
func_004D265C
func_004D2688
func_004D2774
func_004D293C
func_004D2954
func_004D2D48
func_004D2E0C
func_004D2E38
func_004D3794
func_004D3908
func_004D39D4
func_004D3FF4
func_004D4678
func_004D4770
func_004D48BC
func_004D4A14
func_004D4A34
func_004D4A6C
func_004D4A88
func_004D4AB4
func_004D4AF8
func_004D4B94
func_004D4BC8
func_004D4C20
func_004D4C44
func_004D4CF0
func_004D4DB4
func_004D4DE4
func_004D5018
func_004D5068
func_004D52A0
func_004D52A8
func_004D5598
func_004D55B8
func_004D57DC
func_004D580C
func_004D5914
func_004D59E8
func_004D5A14
func_004D5A20
func_004D5AA0
func_004D5AE0
func_004D5B30
func_004D5B60
func_004D5BA0
func_004D5BE8
func_004D5C58
func_004D5C88
func_004D5EB0
func_004D5F34
func_004D6110
func_004D6224
func_004D6364
func_004D6414
func_004D6528
func_004D6568
func_004D6570
func_004D65EC
func_004D6620
func_004D662C
func_004D6638
func_004D6650
func_004D6668
func_004D66CC
func_004D66E4
func_004D6A84
func_004D6AA4
func_004D6AB8
func_004D6B94
func_004D6BA8
func_004D6E04
func_004D6E18
func_004D6F30
func_004D6F40
func_004D6F48
func_004D6F60
func_004D6F78
func_004D6FF0
func_004D702C
func_004D716C
func_004D73E0
func_004D741C
func_004D7638
func_004D78AC
func_004D7C34
func_004D7CC4
func_004D7F30
func_004D7F38
func_004D8064
func_004D820C
func_004D8250
func_004D8444
func_004D867C
func_004D881C
func_004D88C0
func_004D8940
func_004D8988
func_004D89F0
func_004D8B34
func_004D8C0C
func_004D8E68
func_004D9178
func_004D93B8
func_004D95FC
func_004DA9D4
func_004DAA30
func_004DAB20
func_004DAF9C
func_004DB530
func_004DB728
func_004DBF9C
func_004DC278
func_004DC284
func_004DC458
func_004DC480
func_004DE7E4
func_004DE904
func_004DEBA4
func_004DEC28
func_004DECA8
func_004DEE10
func_004DEF94
func_004DF3C4
func_004E0004
func_004E0658
func_004E0944
func_004E0964
func_004E0A24
func_004E128C
func_004E137C
func_004E1810
func_004E1D44
func_004E1EA8
func_004E1F3C
func_004E1F50
func_004E217C
func_004E21C0
func_004E2354
func_004E2834
func_004E2D80
func_004E3220
func_004E333C
func_004E3390
func_004E34B8
func_004E3528
func_004E370C
func_004E3898
func_004E4004
func_004E4494
func_004E4658
func_004E4C08
func_004E5190
func_004E5264
func_004E5EBC
func_004E62AC
func_004E62F4
func_004E6454
func_004E6758
func_004E6770
func_004E6E14
func_004E7054
func_004E70B4
func_004E7114
func_004E7170
func_004E7234
func_004E7664
func_004E776C
func_004E7A64
func_004E7F0C
func_004E7F1C
func_004E8184
func_004E8580
func_004E8B18
func_004E94E8
func_004E9684
func_004E96DC
func_004E9734
func_004E9DB4
func_004EA360
func_004EA3E8
func_004EA5C4
func_004EA744
func_004EA768
func_004EA7B0
func_004EA7BC
func_004EA848
func_004EAAE4
func_004EB310
func_004EB410
func_004EBC0C
func_004EBCEC
func_004EBE34
func_004EC458
func_004EC610
func_004EC718
func_004ECB74
func_004ECF30
func_004ED258
func_004ED264
func_004ED4C4
func_004ED5D0
func_004ED6D8
func_004ED8C0
func_004ED9B8
func_004EDB04
func_004EDBF4
func_004EDEF8
func_004EDF10
func_004EDF14
func_004EE030
func_004EE650
func_004EE7C0
func_004EEF1C
func_004EF574
func_004EF5F8
func_004EF998
func_004EF9C8
func_004EFA04
func_004EFA78
func_004EFB10
func_004EFE48
func_004EFE64
func_004EFF44
func_004F00A4
func_004F021C
func_004F06E8
func_004F088C
func_004F0DEC
func_004F0E14
func_004F0F84
func_004F0FDC
func_004F1130
func_004F12F0
func_004F1370
func_004F1530
func_004F16A4
func_004F1818
func_004F1B14
func_004F1B50
func_004F1BB8
func_004F1BC0
func_004F1CE0
func_004F1D64
func_004F1E00
func_004F1E20
func_004F1F20
func_004F1F60
func_004F201C
func_004F20B8
func_004F21E4
func_004F222C
func_004F23B8
func_004F2418
func_004F26D4
func_004F26F4
func_004F2830
func_004F2EB8
func_004F2EF8
func_004F3568
func_004F3CB4
func_004F53BC
func_004F5928
func_004F59A0
func_004F5EB4
func_004F6138
func_004F6144
func_004F61D0
func_004F65FC
func_004F72D8
func_004F7440
func_004F76A8
func_004F76E8
func_004F7AC4
func_004F8078
func_004F8570
func_004F8600
func_004F867C
func_004F86FC
func_004F8770
func_004F87EC
func_004F88A4
func_004F8BE4
func_004F8C9C
func_004F8F6C
func_004F908C
func_004F9090
func_004F9280
func_004F97B0
func_004F97D0
func_004F982C
func_004F9878
func_004F98BC
func_004F98D4
func_004F9930
func_004F9AA4
func_004F9AD0
func_004F9BDC
func_004F9CAC
func_004FA098
func_004FA13C
func_004FA874
func_004FA8CC
func_004FB358
func_004FB88C
func_004FBB70
func_004FBC98
func_004FBDB8
func_004FC818
func_004FC83C
func_004FCB9C
func_004FCBE8
func_004FCC14
func_004FCC54
func_004FCE90
func_004FD2FC
func_004FD438
func_004FD720
func_004FD750
func_004FDE8C
func_004FDED8
func_004FDF50
func_004FDFB8
func_004FE2F8
func_004FE324
func_004FE470
func_004FE548
func_004FE614
func_004FE618
func_004FE780
func_004FE89C
func_004FEA24
func_004FED88
func_004FEE9C
func_004FEEB8
func_004FF078
func_004FF30C
func_004FF42C
func_004FF5A0
func_004FF648
func_004FF870
func_004FF89C
func_004FF8D8
func_004FF928
func_004FF948
func_004FFA68
func_004FFAEC
func_004FFB88
func_004FFBA8
func_004FFCA8
func_004FFCE8
func_004FFD68
func_004FFDA4
func_004FFE40
func_004FFEDC
func_004FFF24
func_004FFF38
func_004FFFB4
func_00500168
func_005001E0
func_005002F0
func_00500408
func_0050047C
func_005006E8
func_005007FC
func_00500868
func_005008D0
func_0050099C
func_005009C4
func_00500A34
func_00500AA8
func_00500C40
func_00500C64
func_00500C80
func_00500CA8
func_00500D00
func_00500DAC
func_00500E20
func_00501184
func_00501A3C
func_00501C64
func_00501F08
func_00501F6C
func_00502864
func_00502918
func_005029E4
func_005029E8
func_00502A10
func_00502D54
func_005030BC
func_00503144
func_00503520
func_00503684
func_00503794
func_00503808
func_005039B4
func_00503CC4
func_00504114
func_005045D4
func_005047DC
func_00504AD4
func_00504BE4
func_00504E9C
func_00505690
func_00505AF4
func_00505F68
func_0050614C
func_00506150
func_00506224
func_00506248
func_00506414
func_00506494
func_00506510
func_00506578
func_00506588
func_005065E4
func_005066A4
func_00506730
func_00506B5C
func_005078B8