bin	build_date	log_lines	startseq	thr_auto_load_end	r_perma_full	replay_nopic	class
boot_gow2.rdy0_ref	24 Jul 21:56	4115	2	1	1	4	OK
boot_gow2.wip	25 Jul 17:47	4145	2	1	1	4	OK
boot_gow2.pre_v3	25 Jul 18:23	4111	2	1	1	4	OK
boot_gow2.pre_v4	25 Jul 18:23	813	0	0	0	0	REGRESSAO
boot_gow2_v3fix	26 Jul 02:23	76	0	0	0	0	STRUCTURAL_FAIL
boot_gow2_v4	26 Jul 02:35	3211	1	0	0	0	REGRESSAO
boot_gow2.pre_20260729_150649	26 Jul 15:28	3222	1	0	0	0	REGRESSAO
boot_gow2_relift_test	26 Jul 16:31	3176	0	0	0	0	REGRESSAO
boot_gow2	29 Jul 15:07	3227	1	0	0	0	REGRESSAO
